name,l,b,Vlos,Vlos_err,ref_velocity,D_mod,D_mod_err,ref_Distance
Antlia II,264.8009334,11.2542678,288.8,0.4,Ji2021ApJ...921...32J,20.47,0.09,Vivas2022ApJ...926...78V
Aquarius II,55.1082438,-53.0084997,-65.3,1.8,Bruce2023ApJ...950..167B,20.16,0.07,Torrealba2016MNRAS.463..712T
Aquarius III,87.9166898,-62.0297168,-13.1,0.9,Cerny2025ApJ...979..164C,19.66,0.11,Cerny2025ApJ...979..164C
Bootes I,358.1019462,69.6365762,103,0.4,Sandford2025arXiv250902546S,19.11,0.08,DallOra2006ApJ...653L.109D
Bootes II,353.731375,68.864902,-130.4,1.1,Bruce2023ApJ...950..167B,18.1,0.06,Walsh2008ApJ...688..245W
Bootes III,35.405238,75.3534754,197.5,3.6,Carlin2009ApJ...702L...9C,18.34,0.02,Carlin2018ApJ...865....7C
Bootes V,55.6679502,70.9176811,5.1,13.4,Smith2023AJ....166...76S,20.04,0.15,Cerny2023ApJ...953....1C
Canes Venatici I,74.3042831,79.8287591,30.9,0.6,Simon2007ApJ...670..313S,21.62,0.06,Kuehn2008ApJ...674L..81K
Canes Venatici II,113.5743762,82.7012046,-128.9,1.2,Simon2007ApJ...670..313S,21.02,0.06,Greco2008ApJ...675L..73G
Carina,260.1059875,-22.2194162,222.9,0.1,Walker2009AJ....137.3100W,20.118,0.111,Karczmarek2015AJ....150...90K
Carina II,269.981634,-17.1398174,477.2,1.2,Li2018ApJ...857..145L,17.864,0.023,Torrealba2018MNRAS.475.5085T
Carina III,270.0059987,-16.845838,284.6,3.1,Li2018ApJ...857..145L,17.22,0.1,Torrealba2018MNRAS.475.5085T
Centaurus I,300.2697883,21.8998551,44.8,0.8,Heiger2024ApJ...961..234H,20.354,0.07,MartinezVazquez2021AJ....162..253M
Columba I,231.6332922,-28.8854684,153.7,4.9,Fritz2019A&A...623A.129F,21.31,0.11,Carlin2017AJ....154..267C
Coma Berenices,241.8639281,83.6122845,98.1,0.9,Simon2007ApJ...670..313S,18.13,0.08,Musella2009ApJ...695L..83M
Crater II,282.9084214,42.0276406,89.3,0.3,Ji2021ApJ...921...32J,20.333,0.07,Torrealba2016MNRAS.459.2370T
Draco,86.3710883,34.7126412,-290.7,0.75,Walker2015MNRAS.448.2717W,19.557,0.04,Bhardwaj2024AJ....167..247B
Draco II,98.2942351,42.8799852,-342.5,1.2,Longeard2018MNRAS.480.2609L,16.67,0.05,Longeard2018MNRAS.480.2609L
Eridanus II,249.7801696,-51.6431334,75.6,1.3,Li2017ApJ...838....8L,22.84,0.05,MartinezVazquez2021MNRAS.508.1064M
Eridanus IV,209.4961377,-27.7851445,-31.5,1.2,Heiger2024ApJ...961..234H,19.22,0.11,Cerny2021ApJ...920L..44C
Fornax,237.2381877,-65.6740793,55.2,0.1,Walker2009AJ....137.3100W,20.77,0.048,Oakes2022ApJ...929..116O
Grus I,338.679426,-58.2366099,-143.5,1.2,Chiti2022ApJ...939...41C,20.51,0.1,MartinezVazquez2019MNRAS.490.2183M
Grus II,351.1385821,-51.9414253,-110,0.5,Simon2020ApJ...892..137S,18.71,0.1,MartinezVazquez2019MNRAS.490.2183M
Hercules,28.7276681,36.8562771,45,1.1,Simon2007ApJ...670..313S,20.58,0.1,MutluPakdil2020ApJ...902..106M
Horologium I,271.3897126,-54.7368751,112.8,2.6,Koposov2015ApJ...811...62K,19.5,0.1,Koposov2015ApJ...805..130K
Hydra II,295.6184145,30.4764987,303.1,1.4,Kirby2015ApJ...810...56K,20.9,0.11,Vivas2016AJ....151..118V
Hydrus I,297.4162738,-36.7462917,80.4,0.6,Koposov2018MNRAS.479.5343K,17.2,0.04,Koposov2018MNRAS.479.5343K
Leo I,225.9846998,49.1099891,282.9,0.5,Mateo2008ApJ...675..201M,22.06,0.08,Stetson2014PASP..126..616S
Leo II,220.1608308,67.2251707,78.5,0.6,Spencer2017ApJ...836..202S,21.6,0.06,Monelli2025A&A...700A.201M
Leo IV,265.4576584,56.5059706,131.6,1.2,Jenkins2021ApJ...920...92J,20.9,0.06,Medina2018ApJ...855...43M
Leo V,261.8564385,58.5344323,173.1,0.8,Jenkins2021ApJ...920...92J,21.14,0.06,Medina2018ApJ...855...43M
Leo VI,214.5987324,70.3177988,170.03,1.41,Tan2025ApJ...979..176T,20.23,0.12,Tan2025ApJ...979..176T
LMC,279.9795464,-33.7343376,262.2,3.4,vanderMarel2002AJ....124.2639V,18.477,0.024,Pietrzynski2019Natur.567..200P
Pegasus III,69.8598973,-41.8262343,-222.9,2.6,Kim2016ApJ...833...16K,21.66,0.12,Kim2016ApJ...833...16K
Pegasus IV,80.7971567,-21.4031056,-273.6,1.5,Cerny2023ApJ...942..111C,19.77,0.03,Cerny2023ApJ...942..111C
Phoenix II,323.6963296,-59.7506456,32.4,3.75,Fritz2019A&A...623A.129F,19.6,0.2,MutluPakdil2018ApJ...863...25M
Pictor II,269.6366114,-24.0553493,326.9,1.1,Pace2025OJAp....8E.112P,18.26,0.1,Pace2025OJAp....8E.112P
Pisces II,79.2174811,-47.1078917,-226.5,2.7,Kirby2015ApJ...810...56K,21.31,0.17,Sand2012ApJ...756...79S
Reticulum II,266.3006676,-49.7376135,64.3,1.2,Walker2015ApJ...808..108W,17.5,0.1,MutluPakdil2018ApJ...863...25M
Reticulum III,273.8781907,-45.6477545,274.2,7.45,Fritz2019A&A...623A.129F,19.81,0.31,DrlicaWagner2015ApJ...813..109D
Sagittarius,5.6574754,-14.3769257,140,2,McConnachie2012AJ....144....4M,17.1,0.15,McConnachie2012AJ....144....4M
Sculptor,287.696114,-83.152356,111.4,0.1,Walker2009AJ....137.3100W,19.62,0.04,MartinezVazquez2015MNRAS.454.1509M
Segue 1,220.4775831,50.4089639,208.5,0.9,Simon2011ApJ...733...46S,16.8,0.2,Belokurov2007ApJ...654..897B
Segue 2,149.4462034,-38.1444836,-40.2,0.9,Kirby2013ApJ...770...16K,17.81,0.15,Boettcher2013AJ....146...94B
Sextans,243.5087144,42.2732343,224.3,0.1,Walker2009AJ....137.3100W,19.67,0.1,Lee2009ApJ...703..692L
SMC,301.492631,-44.6703322,145.6,0.6,Harris2006AJ....131.2514H,18.99,0.1,Cioni2000A&A...359..601C
Triangulum II,140.896747,-23.8318706,-382.3,0.7,Buttry2022MNRAS.514.1706B,17.27,0.11,Carlin2017AJ....154..267C
Tucana II,328.0862902,-52.3248185,-124.7,1,Chiti2023AJ....165...55C,18.75,0.2,Vivas2020ApJS..247...35V
Tucana III,315.4235632,-56.1908835,-102.3,0.4,Simon2017ApJ...838...11S,16.8,0.1,MutluPakdil2018ApJ...863...25M
Tucana IV,313.3093175,-55.3088967,15.9,1.7,Simon2020ApJ...892..137S,18.36,0.18,Simon2020ApJ...892..137S
Tucana V,316.3147897,-51.8953278,-34.7,0.8,Hansen2024ApJ...968...21H,18.7,0.21,Simon2020ApJ...892..137S
Ursa Major I,159.3623929,54.4267581,-55.3,1.4,Simon2007ApJ...670..313S,19.94,0.13,Garofalo2013ApJ...767...62G
Ursa Major II,152.460305,37.4410062,-116.5,1.9,Simon2007ApJ...670..313S,17.7,0.13,DallOra2012ApJ...752...42D
Ursa Minor,104.9817279,44.8125553,-247,0.4,Spencer2018AJ....156..257S,19.23,0.11,Garofalo2025A&A...695A..88G
Willman 1,158.5728619,56.7832928,-14.1,1,Willman2011AJ....142..128W,17.9,0.4,Willman2006astro.ph..3486W
Andromeda I,121.6788576,-24.8201935,-376.3,2.2,Tollerud2012ApJ...752...45T,24.45,0.05,Savino2022ApJ...938..101S
Andromeda II,128.9048217,-29.1462599,-192.4,0.5,Ho2012ApJ...758..124H,24.12,0.05,Savino2022ApJ...938..101S
Andromeda III,119.3641729,-26.2625286,-344.3,1.7,Tollerud2012ApJ...752...45T,24.29,0.05,Savino2022ApJ...938..101S
Andromeda V,126.2205416,-15.1229936,-397.3,1.5,Tollerud2012ApJ...752...45T,24.4,0.06,Savino2022ApJ...938..101S
Andromeda VI,106.0443067,-36.3252343,-341.6,1.7,Pickett2025MNRAS.540.1701P,24.6,0.06,Savino2022ApJ...938..101S
Andromeda VII,109.466542,-9.9592504,-307.2,1.3,Tollerud2012ApJ...752...45T,24.58,0.06,Savino2022ApJ...938..101S
Andromeda IX,123.2129622,-19.6717852,-209.4,2.5,Tollerud2012ApJ...752...45T,24.23,0.06,Savino2022ApJ...938..101S
Andromeda X,125.7565351,-17.9811311,-164.1,1.7,Tollerud2012ApJ...752...45T,24,0.06,Savino2022ApJ...938..101S
Andromeda XI,121.7176372,-29.0569203,-427.5,3.5,Collins2013ApJ...768..172C,24.38,0.07,Savino2022ApJ...938..101S
Andromeda XII,122.0008241,-28.487357,-557.1,1.7,Collins2013ApJ...768..172C,24.28,0.07,Savino2022ApJ...938..101S
Andromeda XIII,123.0315552,-29.8672279,-185.4,2.4,Tollerud2012ApJ...752...45T,24.57,0.07,Savino2022ApJ...938..101S
Andromeda XIV,122.9696579,-33.1820169,-480.6,1.2,Tollerud2012ApJ...752...45T,24.44,0.06,Savino2022ApJ...938..101S
Andromeda XV,127.8736636,-24.5325122,-323,1.4,Tollerud2012ApJ...752...45T,24.37,0.05,Savino2022ApJ...938..101S
Andromeda XVI,124.9079905,-30.4646825,-367.3,2.8,Tollerud2012ApJ...752...45T,23.57,0.08,MartinezVazquez2017ApJ...850..137M
Andromeda XVII,120.2299308,-18.4734792,-251.6,2,Collins2013ApJ...768..172C,24.4,0.07,Savino2022ApJ...938..101S
Andromeda XVIII,113.8875953,-16.9183231,-337.2,1.4,Kvasova2024ApJ...972..180K,25.36,0.08,Higgs2021MNRAS.503..176H
Andromeda XIX,115.5916832,-27.372483,-109,1.6,Collins2020MNRAS.491.3496C,24.55,0.08,Savino2022ApJ...938..101S
Andromeda XX,112.8714594,-26.8852006,-456.2,3.6,Collins2013ApJ...768..172C,24.35,0.08,Savino2022ApJ...938..101S
Andromeda XXI,111.917465,-19.1865901,-363.4,1,Collins2021MNRAS.505.5686C,24.44,0.07,Savino2022ApJ...938..101S
Andromeda XXII,132.5887509,-34.1010952,-129.8,2,Collins2013ApJ...768..172C,24.39,0.07,Savino2022ApJ...938..101S
Andromeda XXIII,130.9882484,-23.5540633,-237.7,1.4,Pickett2025MNRAS.540.1701P,24.36,0.07,Savino2022ApJ...938..101S
Andromeda XXIV,127.7968208,-16.2452569,-128.2,5.2,Collins2013ApJ...768..172C,23.92,0.07,Savino2022ApJ...938..101S
Andromeda XXV,119.1543925,-15.8542685,-107.7,1,Charles2023MNRAS.521.3527C,24.38,0.06,Savino2022ApJ...938..101S
Andromeda XXVI,118.14508,-14.702501,-261.6,2.8,Collins2013ApJ...768..172C,24.48,0.07,Savino2022ApJ...938..101S
Andromeda XXVII,120.3590013,-17.4149246,-539.6,4.5,Collins2013ApJ...768..172C,24.59,0.12,Richardson2011ApJ...732...76R
Andromeda XXVIII,91.0304648,-22.9263945,-331.1,1.8,Tollerud2013ApJ...768...50T,24.36,0.05,Savino2022ApJ...938..101S
Andromeda XXIX,109.8015984,-30.7737523,-194.4,1.5,Tollerud2013ApJ...768...50T,24.26,0.06,Savino2022ApJ...938..101S
Cassiopeia II,120.4624298,-13.1535361,-139.8,6.6,Collins2013ApJ...768..172C,23.74,0.06,Savino2022ApJ...938..101S
Cassiopeia III,120.4799614,-11.2379762,-371.6,0.7,Martin2014ApJ...793L..14M,24.52,0.06,Savino2022ApJ...938..101S
IC 10,118.9726887,-3.3413375,-348,1,McConnachie2012AJ....144....4M,24.43,0.03,McQuinn2017ApJ...834...78M
Lacerta I,101.0962317,-16.7149811,-198.4,1.1,Martin2014ApJ...793L..14M,24.36,0.05,Savino2022ApJ...938..101S
LGS 3,126.7624627,-40.893917,-286.5,0.3,McConnachie2012AJ....144....4M,23.91,0.05,Savino2022ApJ...938..101S
M 32,121.1498965,-21.9763885,-199,6,McConnachie2012AJ....144....4M,24.44,0.06,Savino2022ApJ...938..101S
NGC 147,119.8158592,-14.2535533,-193.1,0.8,McConnachie2012AJ....144....4M,24.33,0.06,Savino2022ApJ...938..101S
NGC 185,120.7918562,-14.4838083,-203.8,1.1,McConnachie2012AJ....144....4M,24.06,0.06,Savino2022ApJ...938..101S
NGC 205,120.717803,-21.1377936,-246,1,McConnachie2012AJ....144....4M,24.61,0.06,Savino2022ApJ...938..101S
Perseus I,147.818198,-15.5235742,-326,3,Martin2014ApJ...793L..14M,24.24,0.06,Savino2022ApJ...938..101S
AGC249525,11.7809155,67.8766519,48,,Rhode2023AJ....166..113R,26.6,,Rhode2023AJ....166..113R
AGC268071,28.2401727,41.522484,109,,Rhode2023AJ....166..113R,23.78,,Rhode2023AJ....166..113R
AGC749235,219.7669777,83.8428288,288,,Karachentsev2013AJ....145..101K,27.16,,Karachentsev2013AJ....145..101K
Antlia,263.0970707,22.3122546,362,2,Barnes2001AJ....122..825B,25.6,0.07,Newman2024ApJ...966..175N
Antlia B,259.4146249,21.0783463,375.5,1.5,Zoutendijk2021arXiv211209374Z,25.65,0.1,Hargis2020ApJ...888...31H
Aquarius,34.0490904,-31.343219,-141.8,2,Kirby2017ApJ...834....9K,24.97,0.09,Higgs2021MNRAS.503..176H
Cetus,101.4548414,-72.854557,-83.9,1.2,Kirby2014MNRAS.439.1015K,24.39,0.07,McConnachie2012AJ....144....4M
DDO 99,166.1956761,72.7462165,251,4,McConnachie2012AJ....144....4M,27.07,0.14,McConnachie2012AJ....144....4M
DDO 113,161.1015963,78.060458,284,6,McConnachie2012AJ....144....4M,27.35,0.06,McConnachie2012AJ....144....4M
DDO 125,137.7580231,72.9422475,194.9,0.2,McConnachie2012AJ....144....4M,27.06,0.05,McConnachie2012AJ....144....4M
DDO 147,128.406603,80.6035091,331,,Tully2009AJ....138..323T,27.34,0.08,Tully2009AJ....138..323T
DDO 190,82.0085345,64.4771269,150,4,McConnachie2012AJ....144....4M,27.23,0.01,Newman2024ApJ...966..175N
ESO 006-001,297.9558393,-25.2234619,319,57,Makarova2023ApJ...943..139M,27.16,0.09,Makarova2023ApJ...943..139M
ESO 274-001,326.8039911,9.3341415,522,,Tully2009AJ....138..323T,27.18,0.08,Tully2009AJ....138..323T
ESO 294-G010,320.4139702,-74.4171349,106.9,0.8,Bouchard2005AJ....130.2058B,26.54,0.04,McConnachie2012AJ....144....4M
ESO 410-G005,357.8395792,-80.7103356,158.9,1.9,Bouchard2005AJ....130.2058B,26.42,0.04,McConnachie2012AJ....144....4M
GR 8,310.7289689,76.980008,213.9,2.5,Young2003ApJ...592..111Y,26.69,0.12,McConnachie2012AJ....144....4M
HIZSS 3A,217.708123,0.0905337,288,2.5,McConnachie2012AJ....144....4M,26.12,0.14,McConnachie2012AJ....144....4M
HIZSS 3B,217.708123,0.0905337,322.6,1.4,McConnachie2012AJ....144....4M,26.12,0.14,McConnachie2012AJ....144....4M
IC 1613,129.7377976,-60.5773205,-231.6,1.2,Kirby2014MNRAS.439.1015K,24.32,0.05,Savino2022ApJ...938..101S
IC 3104,301.4139777,-16.9507838,429,4,McConnachie2012AJ....144....4M,26.78,0.18,McConnachie2012AJ....144....4M
IC 4662,328.5486164,-17.8496506,302,3,McConnachie2012AJ....144....4M,26.94,0.17,McConnachie2012AJ....144....4M
IC 5152,343.9189919,-50.1922504,122,2,McConnachie2012AJ....144....4M,26.45,0.05,McConnachie2012AJ....144....4M
KK 153,127.0605366,58.609906,127.5,0.2,Xu2025ApJ...982L..36X,26.51,1.11,Xu2025ApJ...982L..36X
KK 258,17.7288638,-61.2774225,92,5,Karachentsev2014MNRAS.443.1281K,26.85,0.07,Karachentsev2014MNRAS.443.1281K
KKH 86,339.045484,62.6036984,287.2,0.7,McConnachie2012AJ....144....4M,27.06,0.16,McConnachie2012AJ....144....4M
KKH 98,109.0931464,-22.3773711,-136.9,1,McConnachie2012AJ....144....4M,27.01,0.09,McConnachie2012AJ....144....4M
KKR 3,63.7098664,71.9922108,63.3,1.8,McConnachie2012AJ....144....4M,26.7,0.12,McConnachie2012AJ....144....4M
KKR 25,83.87891,44.4083527,-139.5,1,McConnachie2012AJ....144....4M,26.42,0.07,McConnachie2012AJ....144....4M
KKs 3,294.2351991,-42.001948,316,7,Karachentsev2015AN....336..707K,26.63,0.07,Karachentsev2015MNRAS.447L..85K
Leo A,196.9036467,52.4226186,26.2,0.9,Kirby2017ApJ...834....9K,24.51,0.12,Dolphin2002AJ....123.3154D
Leo P,219.6377833,54.4352373,260.8,2.5,BernsteinCooper2014AJ....148...35B,26.05,0.2,McQuinn2015ApJ...812..158M
Leo T,214.8524119,43.6609407,38.1,2,Simon2007ApJ...670..313S,23.08,0.08,Higgs2021MNRAS.503..176H
NGC 55,332.8819727,-75.7308757,129,2,McConnachie2012AJ....144....4M,26.43,0.12,McConnachie2012AJ....144....4M
NGC 300,299.2082537,-79.418825,146,2,McConnachie2012AJ....144....4M,26.6,0.06,Tully2009AJ....138..323T
NGC 3109,262.1018221,23.0701155,403,2,McConnachie2012AJ....144....4M,25.57,0.08,McConnachie2012AJ....144....4M
NGC 4163,163.202662,77.7009608,165,5,McConnachie2012AJ....144....4M,27.28,0.02,Tully2009AJ....138..323T
NGC 4190,160.62,77.589457,235,,Tully2009AJ....138..323T,27.21,0.06,Tully2009AJ....138..323T
NGC 4214,160.2527295,78.074153,293,,Tully2009AJ....138..323T,27.25,0.07,Tully2009AJ....138..323T
NGC 6822,25.3512537,-18.3892119,-54.5,1.7,Kirby2014MNRAS.439.1015K,23.78,0.05,Higgs2021MNRAS.503..176H
Pavo,335.8491483,-31.1294421,223.7,3.6,Jones2025ApJ...990..164J,26.67,0.08,MutluPakdil2025arXiv250916307M
Pegasus dIrr,94.7769,-43.554142,-179.5,1.5,Kirby2014MNRAS.439.1015K,24.74,0.05,Savino2022ApJ...938..101S
Phoenix,272.1615227,-68.9497052,-21.2,1,Kacharov2017MNRAS.466.2006K,23.06,0.12,Battaglia2012MNRAS.424.1113B
Sagittarius dIrr,21.0533675,-16.2859002,-78.4,1.6,Kirby2017ApJ...834....9K,25.39,0.08,Higgs2021MNRAS.503..176H
Sextans A,246.1481946,39.8755465,324,2,Koribalski2004AJ....128...16K,25.74,0.058,Yan2025ApJ...986...54Y
Sextans B,233.2000758,43.783781,304,1,Hoffman1996ApJS..105..269H,25.72,0.056,Dalcanton2009ApJS..183...67D
Tucana,322.9082681,-47.3693638,180,1.3,Taibi2020A&A...635A.152T,24.74,0.12,McConnachie2012AJ....144....4M
UGC 4879,164.665239,42.8843178,-29.2,1.6,Kirby2014MNRAS.439.1015K,25.43,0.06,Higgs2021MNRAS.503..176H
UGC 8508,111.1415267,61.3087485,56,5,McConnachie2012AJ....144....4M,27.06,0.03,McConnachie2012AJ....144....4M
UGC 9128,25.5726569,70.4644892,152,1,McConnachie2012AJ....144....4M,26.75,0.02,Newman2024ApJ...966..175N
UGCA 86,139.7624681,10.6471738,67,4,McConnachie2012AJ....144....4M,27.36,0.17,McConnachie2012AJ....144....4M
UKS 2323-326,11.8670081,-70.8588706,62,5,McConnachie2012AJ....144....4M,26.72,0.09,McConnachie2012AJ....144....4M
WLM,75.8636863,-73.6243517,-130,1,Leaman2012ApJ...750...33L,24.977,0.059,Yan2025ApJ...986...54Y
A0952+69,141.7370396,40.9195914,99,,Lang2003MNRAS.342..738L,27.97,0.17,Tully2009AJ....138..323T
AGC 112521,136.3020652,-34.2543922,274,1,Haynes2011AJ....142..170H,29.09,0.05,McQuinn2021ApJ...918...23M
AGC 238890,22.9607275,80.5698734,360,3,Haynes2011AJ....142..170H,28.64,0.03,McQuinn2021ApJ...918...23M
AGC 239141,90.6758591,79.958896,326,,Karachentsev2013AJ....145..101K,27.87,,Karachentsev2013AJ....145..101K
AGC 749241,229.8487657,87.3278512,451,1,Haynes2011AJ....142..170H,28.75,0.05,McQuinn2021ApJ...918...23M
Andromeda IV,121.1058578,-22.2685245,234,1,Begum2008MNRAS.386.1667B,29.28,0.09,Karachentsev2016AN....337..306K
BK3N,142.3142004,40.8269315,-40,,Tikhonov1993A&A...275...39T,28.1,0.13,Tully2009AJ....138..323T
BTS 116,199.8287975,82.6808791,322.9,22.8,Karachentsev2013AJ....145..101K,27.51,,Karachentsev2013AJ....145..101K
Camelopardalis A,137.2502489,16.1974935,-54.2,1.7,Begum2008MNRAS.386.1667B,27.76,0.13,Tully2009AJ....138..323T
Camelopardalis B,143.3844108,14.4229983,77.5,1.7,Begum2008MNRAS.386.1667B,27.72,0.16,Tully2009AJ....138..323T
Cassiopea dIrr 1,129.5687555,7.1062553,35,2,Huchtmeier1995A&A...293L..33H,28.27,,Anand2021AJ....162...80A
dw1322-39,309.4021076,22.5712386,656.3,9.7,Muller2021A&A...645A..92M,27.35,0.06,Muller2019A&A...629A..18M
dw1323-40a,309.7555194,21.6648677,450,14.2,Muller2021A&A...645A..92M,27.86,0.19,Muller2019A&A...629A..18M
dw1323-40b,309.5492,21.6162909,497,12.4,Muller2021A&A...645A..92M,27.96,0.62,Muller2019A&A...629A..18M
dw1335-29,314.3129196,32.18366,706,17.8,Muller2025A&A...699A.207M,28.5,0.1,Carrillo2017MNRAS.465.5026C
dw1340-30,315.2787637,31.3374492,429.3,21.6,Muller2025A&A...699A.207M,28.52,0.03,Muller2018A&A...615A..96M
dw1341-29,315.7401234,32.0601801,483.4,20.6,Muller2025A&A...699A.207M,28.45,,Muller2024A&A...684L...6M
dw1341-43,312.4156773,18.090785,636.4,14.1,Muller2021A&A...645A..92M,27.74,0.03,Muller2019A&A...629A..18M
dw1342-43,312.7536387,18.6355522,510.3,8.1,Muller2021A&A...645A..92M,27.31,0.22,Muller2019A&A...629A..18M
Fluffy,307.9836234,18.4520193,764.3,2.42,Dumont2022ApJ...929..147D,27.83,,
KV19-212,308.9571838,18.625816,571.5,2.42,Dumont2022ApJ...929..147D,27.83,,
KV19-271,309.3913698,18.9388671,548.3,2.42,Dumont2022ApJ...929..147D,27.83,,
KV19-329,309.7999522,19.6972306,657.3,2.42,Dumont2022ApJ...929..147D,27.83,,
KV19-442,310.4385869,19.9215305,476.5,2.42,Dumont2022ApJ...929..147D,27.83,,
Cepheus1,94.3731809,8.0115769,33,7,Makarov2003A&A...405..951M,29.44,,
CGCG 189-050,98.0743347,77.9098879,334,1,Karachentsev2024A&A...684L..24K,28.12,,Karachentsev2024A&A...684L..24K
CGCG 217-018,106.0337693,75.8743212,565,1,Karachentsev2024A&A...684L..24K,29.78,,
Corvus A,290.3171104,45.5751079,523,2,Jones2024ApJ...971L..37J,27.62,0.07,MutluPakdil2025arXiv250916307M
DDO 6,119.3807763,-83.8775613,295.4,5,Westmeier2017MNRAS.472.4832W,27.68,0.1,Jacobs2009AJ....138..332J
DDO 53,149.2998676,34.9521138,19.2,1.7,Begum2008MNRAS.386.1667B,27.83,0.03,Tully2009AJ....138..323T
DDO 78,141.1375726,43.9970271,55,10,,27.71,0.03,Tully2009AJ....138..323T
DDO 82,137.8957061,42.1780113,56,3,Makarov2003A&A...405..951M,27.97,0.01,Tully2009AJ....138..323T
DDO 126,148.5971067,78.7434929,217,17,Kovac2009MNRAS.400..743K,28.48,0.07,Tully2009AJ....138..323T
DDO 127,147.1235585,78.7937178,275,17,Kovac2009MNRAS.400..743K,28.37,0.07,Tully2009AJ....138..323T
DDO 133,164.2965948,84.02124,331,,Karachentsev2013AJ....145..101K,28.44,0.05,Tully2009AJ....138..323T
DDO 153,303.9015155,50.7615704,821,1,Warren2007AJ....134.1849W,29.9,,
DDO 154,35.0614838,89.4103597,374,1,Haynes2011AJ....142..170H,28.03,0.03,Tully2009AJ....138..323T
DDO 161,306.9532253,45.3562087,744,18,Doyle2005MNRAS.361...34D,28.9,0.09,Karachentsev2018ApJ...858...62K
DDO 165,120.7472656,49.3603688,30.7,0.2,Huchtmeier2003A&A...401..483H,28.42,0.02,Tully2009AJ....138..323T
DDO 167,111.6241725,70.3237931,150.2,1.7,Begum2008MNRAS.386.1667B,28.14,0.16,Tully2009AJ....138..323T
DDO 168,110.761739,70.6605429,191,8,Stil2002A&A...389...29S,28.14,0.08,Tully2009AJ....138..323T
DDO 169,111.4819059,69.0930819,262,5.2,Simpson2000AJ....120.2975S,28.22,0.05,Tully2009AJ....138..323T
DDO 169NW,111.596962,69.0552538,242,1.6,Simpson2000AJ....120.2975S,28.18,0.13,Tully2009AJ....138..323T
DDO 181,89.7368919,73.1164433,213.6,1.7,Begum2008MNRAS.386.1667B,27.46,0.04,Tully2009AJ....138..323T
DDO 183,77.7916651,73.4478193,188.4,1.7,Begum2008MNRAS.386.1667B,27.6,0.05,Tully2009AJ....138..323T
DDO 226,101.1819535,-84.7645855,361,2,Huchtmeier2000A&AS..141..469H,28.46,0.13,Tully2009AJ....138..323T
dw1343+58,110.2367956,57.6085671,195,1,Karunakaran2020AJ....159...37K,28.74,,Tully2009AJ....138..323T
ESO 059-001,279.7732466,-21.4735022,530,3,Kirby2012MNRAS.420.2924K,28.33,0.03,Tully2009AJ....138..323T
ESO104-044,331.8544437,-26.3750175,750,,Karachentsev2013AJ....145..101K,29.94,0.18,Tully2009AJ....138..323T
ESO 115-021,282.800862,-51.4302026,515,2,Koribalski2004AJ....128...16K,28.53,0.02,Tully2009AJ....138..323T
ESO 121-020,266.5064027,-27.3171299,587,2,Kirby2012MNRAS.420.2924K,28.92,0.05,Tully2009AJ....138..323T
ESO 137-018,326.1061312,-7.4259132,603,1,Kirby2012MNRAS.420.2924K,28.84,0.08,Tully2009AJ....138..323T
ESO 154-023,271.8087792,-54.3050415,574,2,Koribalski2004AJ....128...16K,28.84,0.02,Tully2009AJ....138..323T
ESO 199-007,263.9952274,-57.0662083,630,18,Doyle2005MNRAS.361...34D,28.9,0.06,Tully2009AJ....138..323T
ESO 215-009,284.0635666,10.4747483,598,1,Kirby2012MNRAS.420.2924K,28.69,0.02,Tully2009AJ....138..323T
ESO 222-010,319.7054425,10.0458485,620,18,Doyle2005MNRAS.361...34D,27.49,,Anand2021AJ....162...80A
ESO 245-005,273.0762675,-70.2893807,393,1,Kirby2012MNRAS.420.2924K,28.3,0.06,Tully2009AJ....138..323T
ESO 269-037,305.0994396,16.2338925,743.8,2.1,Karachentsev2013AJ....145..101K,27.59,0.06,Tully2009AJ....138..323T
ESO 269-058,306.3160632,15.7553077,400,18,Banks1999ApJ...524..612B,27.87,0.01,Tully2009AJ....138..323T
ESO 269-066,306.9689998,17.811461,784,31,Jerjen2000AJ....119..166J,27.91,,Karachentsev2013AJ....145..101K
ESO 272-025,323.0211866,13.7540585,631,18,Doyle2005MNRAS.361...34D,27.96,,Tully2009AJ....138..323T
ESO 273-014,324.0128616,9.9045324,1052,2,Makarov2014A&A...570A..13M,29.98,,Karachentsev2013AJ....145..101K
ESO 290-028,351.3844599,-62.0414294,929,3,Makarov2014A&A...570A..13M,29.97,,
ESO 300-016,246.0991705,-58.6179837,710,3,Makarov2014A&A...570A..13M,29.85,,Anand2021AJ....162...80A
ESO 320-014,287.7082338,21.4671427,654.2,18,Doyle2005MNRAS.361...34D,28.89,0.04,Tully2009AJ....138..323T
ESO 321-014,294.8532481,24.0496495,609.4,1.7,Begum2008MNRAS.386.1667B,27.61,0.09,Tully2009AJ....138..323T
ESO 324-024,310.174893,20.8817268,514,18,Doyle2005MNRAS.361...34D,27.89,0.05,Tully2009AJ....138..323T
ESO 325-011,313.5037785,19.9083186,544,1,Kirby2012MNRAS.420.2924K,27.66,0.03,Tully2009AJ....138..323T
ESO 346-007,0.0264235,-62.7901619,890,15,Makarov2014A&A...570A..13M,29.97,,
ESO 349-031,351.4797202,-78.1167024,221,6,Koribalski2004AJ....128...16K,27.53,0.04,Tully2009AJ....138..323T
ESO 379-007,289.5840257,27.8392458,644,1.7,Begum2008MNRAS.386.1667B,28.68,0.06,Tully2009AJ....138..323T
ESO 379-024,292.4329382,26.1790529,632.4,18,Doyle2005MNRAS.361...34D,28.69,,Tully2009AJ....138..323T
ESO 381-018,301.4033939,26.8853606,624.5,,Doyle2005MNRAS.361...34D,28.68,0.05,Tully2009AJ....138..323T
ESO 381-020,301.6405775,29.021168,589,1,Kirby2012MNRAS.420.2924K,28.69,0.05,Tully2009AJ....138..323T
ESO 383-087,315.8400507,25.3542817,326,2,Koribalski2004AJ....128...16K,27.52,0.02,Tully2009AJ....138..323T
ESO 384-016,317.732251,25.6467807,561,,Karachentsev2013AJ....145..101K,28.26,0.03,Tully2009AJ....138..323T
ESO 443-009,303.856553,34.5246987,645,,Karachentsev2013AJ....145..101K,28.88,0.1,Tully2009AJ....138..323T
ESO 444-084,315.1204473,33.7369861,587,3,Koribalski2004AJ....128...16K,28.32,0.19,Karachentsev2002A&A...385...21K
ESO 472-015,42.7250462,-79.7435225,655,46,Makarov2014A&A...570A..13M,29.32,,
ESO 540-032,121.0017922,-82.7745976,227.7,0.9,Bouchard2005AJ....130.2058B,27.8,0.03,Jacobs2009AJ....138..332J
GALFA Dw3,164.1419167,-38.8322703,503,35,Sand2015ApJ...806...95S,29.41,0.08,Bennet2022ApJ...924...98B
GALFA Dw4,195.6607317,-9.3216726,607,35,Sand2015ApJ...806...95S,27.46,0.12,Bennet2022ApJ...924...98B
GARLAND,141.9152194,41.7121911,43,17,Karachentsev1985MNRAS.217..731K,27.91,0.24,Karachentsev2002A&A...383..125K
Grapes,140.2637857,60.2939867,321,210,Karachentsev2013AJ....145..101K,28.88,,Anand2021AJ....162...80A
HIDEEP J1337-3320,313.7576034,28.5489009,592.1,0.8,Grossi2007MNRAS.374..107G,28.29,0.15,Tully2009AJ....138..323T
HIJASS J1021+6842,140.5519142,42.9175389,46,,Boyce2001ApJ...560L.127B,27.79,,
HIPASS J0630+08,203.0760325,-0.8827963,367,1,Donley2005AJ....129..220D,28.55,,Karachentsev2013AJ....145..101K
HIPASS J1131-31,283.6807287,28.1943738,716,1,Koribalski2018MNRAS.478.1611K,29.2,0.2,Karachentsev2023MNRAS.518.5893K
HIPASS J1133-32,284.5349482,27.09888,709,18,Doyle2005MNRAS.361...34D,28.74,0.06,Tully2009AJ....138..323T
HIPASS J1247-77,302.716587,-14.7124954,413,3,Koribalski2004AJ....128...16K,27.7,0.16,Tully2009AJ....138..323T
HIPASS J1337-39,312.431542,22.1243075,492,4,Koribalski2004AJ....128...16K,28.53,0.11,Tully2009AJ....138..323T
HIPASS J1348-37,315.1782399,23.5416838,582.4,,Doyle2005MNRAS.361...34D,28.76,0.06,Tully2009AJ....138..323T
HIPASS J1351-47,313.4316594,14.6463281,529,18,Doyle2005MNRAS.361...34D,28.79,0.12,Tully2009AJ....138..323T
HIPASS J1441-62,315.1711075,-2.5457468,672,8,Koribalski2004AJ....128...16K,28.63,,Karachentsev2013AJ....145..101K
HIZOA J1149-62,295.7911943,-0.1719708,512,4,StaveleySmith2016AJ....151...52S,28.27,,Karachentsev2013AJ....145..101K
HIZSS-021,244.2316472,-1.8308505,494,10,Koribalski2004AJ....128...16K,28.81,0.14,Anand2019ApJ...880...52A
Holmberg I,140.7249774,38.6596391,139.4,0.1,Huchtmeier2003A&A...401..483H,28.02,0.03,Tully2009AJ....138..323T
Holmberg II,144.2839003,32.6882514,157,,Thuan1981ApJ...247..823T,27.7,0.02,Tully2009AJ....138..323T
Holm IV,103.7014262,60.7965635,140,17,Broeils1994A&AS..107..129B,29.2,0.15,Tikhonov2015AstL...41..239T
Holmberg IX,141.9794435,41.0576476,46,,Karachentsev2004AJ....127.2031K,27.93,0.07,Tully2009AJ....138..323T
IC239,144.3321071,-19.4990551,903,2,Makarov2014A&A...570A..13M,30.083,,
IC1959,261.2766176,-51.5420336,640,4,Koribalski2004AJ....128...16K,28.96,0.03,Tully2009AJ....138..323T
IC 2574,140.2047332,43.6032347,43,4,Appleton1981MNRAS.195..327A,27.97,0.02,Tully2009AJ....138..323T
IC 2684,240.6885222,63.8495127,588,2,Haynes2011AJ....142..170H,30.23,,
IC 2782,242.0363983,65.208841,853,8,Makarov2014A&A...570A..13M,30.1,0.28,Carlsten2022ApJ...933...47C
IC 2787,241.8121978,65.3991324,842,58,Makarov2014A&A...570A..13M,30.22,0.24,Carlsten2022ApJ...933...47C
IC 2791,243.311871,65.0132486,666,3,Haynes2011AJ....142..170H,29.99,0.22,Carlsten2022ApJ...933...47C
IC3571,229.269374,86.4666885,1175,33,Makarov2014A&A...570A..13M,30.36,,
IC 3687,131.9532287,78.4638787,349.7,17,Kovac2009MNRAS.400..743K,28.3,0.07,Tully2009AJ....138..323T
IC 3840,303.7482939,84.6065018,557,,Eder2000ApJS..131...47E,28.88,0.08,Karachentsev2018ApJ...858...62K
IC 4182,107.7064009,79.0937183,324,,Karachentsev2013AJ....145..101K,28.19,0.03,Tully2009AJ....138..323T
IC 4247,311.9022172,31.8936094,420,,Banks1999ApJ...524..612B,28.57,0.03,Tully2009AJ....138..323T
IC 4316,315.6592351,32.7668098,576.3,1.7,Begum2008MNRAS.386.1667B,28.19,0.03,Tully2009AJ....138..323T
IC 5052,325.1727968,-35.8074035,584,3,Koribalski2004AJ....128...16K,28.7,0.06,Tully2009AJ....138..323T
JKB83,141.7848518,40.7655125,55.5,10,James2017MNRAS.465.3977J,27.79,,
JKB129,110.0897891,-53.4863872,692,1,Haynes2018ApJ...861...49H,29.75,,Karachentsev2013AJ....145..101K
JKB142,141.3701079,-44.5386921,722,2,Karachentsev2013AJ....145..101K,30.11,,Karachentsev2013AJ....145..101K
Kamino,272.0575278,-42.1472386,526,21,MutluPakdil2025arXiv250916307M,28.88,0.09,MutluPakdil2025arXiv250916307M
KDG 2,119.7801348,-80.9343837,223.5,2.7,Bouchard2005AJ....130.2058B,27.76,0.04,Jacobs2009AJ....138..332J
KDG 52,143.8173833,33.0140153,116,1.7,Begum2008MNRAS.386.1667B,27.67,0.05,Tully2009AJ....138..323T
KDG 56,210.5096407,43.6355329,561.4,1.3,Huchtmeier2003A&A...401..483H,29.78,0.13,Carlsten2022ApJ...933...47C
KDG 61,142.5003639,41.2830918,221,3,Makarova2010MNRAS.406.1152M,27.82,0.02,Tully2009AJ....138..323T
KDG 64,142.588919,42.4818183,-18.4,3.4,Afanasiev2023MNRAS.520.6312A,27.87,0.02,Tully2009AJ....138..323T
KDG 73,136.8819778,44.2324185,115.8,0.5,Huchtmeier2003A&A...401..483H,27.96,0.14,Tully2009AJ....138..323T
KDG 215,310.157231,82.0214076,419,9,Schombert1997ApJS..111..233S,28.42,0.06,Tully2009AJ....138..323T
KK 16,139.7487602,-32.8221324,207,2,Haynes2011AJ....142..170H,28.75,0.04,Tully2009AJ....138..323T
KK 17,83.4278785,-20.6106767,168,2,Huchtmeier2003A&A...401..483H,28.5,0.05,Tully2009AJ....138..323T
KK 27,282.912652,-44.5507701,533,,Karachentsev2013AJ....145..101K,28.13,0.05,Tully2009AJ....138..323T
KK 35,138.2010743,10.3049183,-66,3,,28.06,,Anand2021AJ....162...80A
KK 69,189.9861236,38.856001,462,1.7,Begum2008MNRAS.386.1667B,29.84,0.06,Tully2009AJ....138..323T
KK 109,156.8502064,68.9824892,210.7,1.7,Begum2008MNRAS.386.1667B,28.27,0.17,Karachentsev2003A&A...398..467K
KK 135,131.0196335,58.5812242,215,40,Karachentsev2015Ap.....58..309K,28.69,,Tully2009AJ....138..323T
KK 144,198.135386,84.1031958,480,1.7,Begum2008MNRAS.386.1667B,28.89,0.08,Karachentsev2018ApJ...858...62K
KK 160,127.6722052,73.3973224,293.3,0.6,Huchtmeier2003A&A...401..483H,28.18,0.11,Tully2009AJ....138..323T
KK 176,305.6914995,43.4131404,825.4,0.5,Huchtmeier2003A&A...401..483H,29.31,0.09,Karachentsev2018ApJ...858...62K
KK 177,330.0501406,84.2665302,267,60,Kim2014ApJS..215...22K,28.42,0.07,Karachentsev2018ApJ...858...62K
KK 182,305.7505788,22.7145521,617,4,Koribalski2004AJ....128...16K,28.87,0.13,Tully2009AJ....138..323T
KK 189,307.1782051,20.8640204,752.6,4,Muller2021A&A...645A..92M,28.13,0.09,Tully2009AJ....138..323T
KK 195,310.3083163,30.9162965,571.9,1.7,Begum2008MNRAS.386.1667B,28.75,0.1,Tully2009AJ....138..323T
KK 196,308.5425704,17.4775577,741,,Karachentsev2013AJ....145..101K,27.99,0.06,Tully2009AJ....138..323T
KK 197,308.9214607,19.9801332,642.7,2.9,Muller2021A&A...645A..92M,27.92,0.02,Tully2009AJ....138..323T
KK 200,311.2570494,31.3634396,493.69,,Begum2008MNRAS.386.1667B,28.39,0.06,Tully2009AJ....138..323T
KK 203,309.540587,17.0564085,305.9,9.5,Muller2021A&A...645A..92M,27.88,0.14,Tully2009AJ....138..323T
KK 208,314.54928,32.2802703,439.9,15.6,Muller2025A&A...699A.207M,28.5,0.08,Tully2009AJ....138..323T
KK 218,316.9436971,31.3856845,594.9,9,Muller2025A&A...699A.207M,28.47,0.06,Tully2009AJ....138..323T
KK 242,100.5402964,30.3561964,-66,10,Pustilnik2022MNRAS.516.6180P,29.05,0.11,Karachentsev2022AJ....163...51K
KKH 5,125.4902277,-11.3514592,61,8,Karachentsev2001A&A...366..428K,28.62,,Tully2009AJ....138..323T
KKH 6,129.68401,-10.2098664,59.9,1.7,Begum2008MNRAS.386.1667B,27.64,0.07,Tully2009AJ....138..323T
KKH 11,135.7401564,-4.5263198,111,10,Karachentsev2025MNRAS.537L..21K,28.93,,Karachentsev2025MNRAS.537L..21K
KKH 12,135.5787086,-3.0073433,70,1.7,Begum2008MNRAS.386.1667B,28.73,,Karachentsev2013AJ....145..101K
KKH 18,152.0338755,-21.6323805,216,,Karachentsev2013AJ....145..101K,28.4,0.13,Tully2009AJ....138..323T
KKH 22,135.4980903,13.5689375,30,10,Karachentsev2020A&A...638A.111K,27.47,0.13,Karachentsev2020A&A...638A.111K
KKH 34,140.4231058,22.3464909,106,2,Begum2008MNRAS.386.1667B,29.31,0.11,Karachentsev2020A&A...638A.111K
KKH 37,133.9839053,26.5371293,11,7,Makarov2003A&A...405..951M,27.68,0.04,Tully2009AJ....138..323T
KKs 54,310.3489226,30.551943,621.3,10.6,Muller2021A&A...645A..92M,27.87,0.12,Muller2019A&A...629A..18M
KKs 55,308.9295073,19.7823151,550,23.7,Muller2021A&A...645A..92M,27.93,0.04,Tully2009AJ....138..323T
KKs 57,312.6935194,19.3363517,511.3,16.8,Muller2021A&A...645A..92M,27.92,0.25,Tully2009AJ....138..323T
KKs 58,315.0599164,25.2548492,476.5,5.2,Muller2021A&A...645A..92M,27.63,0.01,Muller2019A&A...629A..18M
KKs 59,311.4071227,8.5879731,686,1,Kirby2012MNRAS.420.2924K,27.78,,Karachentsev2013AJ....145..101K
LV J0055-2310,134.6830703,-85.9588486,249.6,5,Westmeier2017MNRAS.472.4832W,27.79,0.11,Karachentsev2021AJ....161..205K
LV J0616-5745,266.5541509,-27.2908817,554,4,Warren2006AJ....131.2056W,28.92,,
LV J1149+1715,244.1390427,72.5421674,623,29,Karachentsev2013AJ....145..101K,28.84,,Karachentsev2013AJ....145..101K
LV J1157+5638,137.2332018,58.9788451,416.3,1.4,Makarova2018MNRAS.474.3221M,29.82,0.09,Makarova2018MNRAS.474.3221M
LV J1158+1535,253.5308683,73.1728196,565,2,Karachentsev2013AJ....145..101K,28.5,,Karachentsev2013AJ....145..101K
LV J1228+4358,136.6559686,72.5502017,225.8,16,Toloba2016ApJ...824...35T,28.05,,MartinezDelgado2012ApJ...748L..24M
LV J1243+4127,128.5996938,75.5884134,402,2,Huchtmeier2009A&A...506..677H,28.41,0.11,Karachentsev2018ApJ...858...62K
LV J1313+1003,321.13806,72.1302144,472,24,Karachentsev2013AJ....145..101K,27.89,,Karachentsev2013AJ....145..101K
d0944+71,140.1814379,38.7681598,-38.3,9.8,Toloba2016ApJ...830L..21T,27.63,0.06,Chiboucas2013AJ....146..126C
HS 117,138.1368694,41.2961035,47,,Huchtmeier1998A&AS..127..269H,27.99,0.04,Tully2009AJ....138..323T
UGC 5497,146.2244222,45.1873191,150,50,Chiboucas2009AJ....137.3009C,27.83,0.06,Chiboucas2013AJ....146..126C
Clump I,142.3465248,41.2345641,-165,18,Karachentsev2011MNRAS.415L..31K,27.79,,
Clump III,142.1704285,41.5112616,121,20,Karachentsev2011MNRAS.415L..31K,27.79,,
MAPS 1231+42,137.1170191,74.4707662,563.1,17,Kovac2009MNRAS.400..743K,29.55,,Tikhonov2022AstBu..77..388T
MAPS 1249+44,124.0889171,72.7639436,513.3,17,Kovac2009MNRAS.400..743K,29.4,,Karachentsev2013AJ....145..101K
MCG+06-27-017,163.7527346,77.1950564,325,1,Karachentsev2024A&A...684L..24K,28.43,0.13,Tully2009AJ....138..323T
MCG+09-20-131,135.3345688,63.8735663,159,1.7,Begum2008MNRAS.386.1667B,28.32,0.09,Tully2009AJ....138..323T
MCG-04-31-038,307.9022508,35.555561,683.9,18,Doyle2005MNRAS.361...34D,29.71,0.16,Tully2009AJ....138..323T
MKT J125225.4-124304.1,303.3069819,50.1532522,402,,deBlok2024A&A...688A.109D,27.3,,Karachentsev2013AJ....145..101K
NGC 24,43.689538,-80.4343285,553,2,Makarov2014A&A...570A..13M,29.32,0.02,Tully2009AJ....138..323T
NGC 45,55.9017737,-80.6716468,466,2,Makarov2014A&A...570A..13M,29.11,0.08,Tully2009AJ....138..323T
NGC 59,65.7125445,-80.0214982,361,2,Huchtmeier2000A&AS..141..469H,28.45,0.03,Tully2009AJ....138..323T
NGC 247,113.9472508,-83.5570724,153,5,Westmeier2017MNRAS.472.4832W,27.85,0.02,Jacobs2009AJ....138..332J
NGC 404,127.0344755,-27.0107384,-49,9,Huchra1999ApJS..121..287H,27.37,0.02,Tully2009AJ....138..323T
NGC 625,273.6742173,-73.1206314,395.4,18,Doyle2005MNRAS.361...34D,28.02,0.03,Tully2009AJ....138..323T
dw0132+1422,137.8566989,-47.2898651,669,10,Haynes2011AJ....142..170H,29.95,,
dw0134+1438,138.3480387,-46.9288088,731,16,Haynes2011AJ....142..170H,29.95,,
dw0136p1628,138.255621,-45.061686,550,60,Karachentsev2025MNRAS.537L..21K,29.88,0.18,Carlsten2022ApJ...933...47C
dw0138+1458,139.3523164,-46.3996348,743,1,Haynes2011AJ....142..170H,29.68,0.2,Carlsten2022ApJ...933...47C
NGC 628-dwA,138.8718866,-45.8148361,497,50,Karachentsev2025MNRAS.537L..21K,30.03,0.39,Carlsten2022ApJ...933...47C
KDG010,140.9370754,-45.3465896,789,1,Haynes2011AJ....142..170H,29.68,0.16,Carlsten2022ApJ...933...47C
NGC 784,140.9013989,-31.5794341,193,1,Haynes2011AJ....142..170H,28.65,0.02,Tully2009AJ....138..323T
NGC 891,140.3825631,-17.4168669,526,7,StaveleySmith1987MNRAS.224..953S,29.99,0.07,Tully2009AJ....138..323T
[TT2009] 25,140.1333129,-17.489694,692,58,Karachentsev2015Ap.....58..309K,30.06,0.23,Muller2019A&A...629L...2M
NGC 1042,182.0765987,-58.1683843,1371,1,Makarov2014A&A...570A..13M,31.25,0.89,Makarov2014A&A...570A..13M
NGC1311,265.2906667,-52.6578382,571,3,Makarov2014A&A...570A..13M,28.72,0.02,Tully2009AJ....138..323T
NGC 1313,283.3588913,-44.6443093,470,18,Doyle2005MNRAS.361...34D,28.17,0.03,Tully2009AJ....138..323T
NGC 1560,138.3682126,16.0217303,-36.3,1,Broeils1992A&A...256...19B,27.38,0.14,Tully2009AJ....138..323T
NGC 1569,143.6820835,11.2417793,-85.6,2.6,Walter2008AJ....136.2563W,27.52,0.06,Tully2009AJ....138..323T
NGC 1592,226.5314783,-41.9150962,942,5,Makarov2014A&A...570A..13M,29.8,,Karachentsev2013AJ....145..101K
NGC 1705,261.0788541,-38.7428325,628,9,Meurer1992AJ....103...60M,28.79,0.04,Tully2009AJ....138..323T
NGC 1792,241.6930762,-36.4542697,1210,4,Makarov2014A&A...570A..13M,30.1,0.26,Makarov2014A&A...570A..13M
NGC 1800,234.4409382,-35.1233646,814,18,Doyle2005MNRAS.361...34D,29.52,,Karachentsev2013AJ....145..101K
NGC 1827,240.6347363,-35.3460331,1038,3,Makarov2014A&A...570A..13M,30.2,0.4,Makarov2014A&A...570A..13M
NGC 2188,240.8369999,-22.8111869,743,13,Makarov2014A&A...570A..13M,29.62,0.06,Tully2009AJ....138..323T
NGC 2366,146.421892,28.5350587,100.1,,Walter2008AJ....136.2563W,27.58,0.03,Tully2009AJ....138..323T
NGC 2683,190.4601947,38.758504,411,4,Springob2005ApJS..160..149S,29.96,0.06,Tully2009AJ....138..323T
NGC 2683-dw1,190.6368181,38.8967587,380,25,Karachentsev2015Ap.....58..309K,30.1,0.22,Carlsten2022ApJ...933...47C
NGC 2903-HI-1,208.2678631,44.2730738,582,4,Irwin2009ApJ...692.1447I,29.67,0.22,Carlsten2022ApJ...933...47C
NGC 2915,291.9661328,-18.3573325,467.2,18,Doyle2005MNRAS.361...34D,28.16,0.03,Tully2009AJ....138..323T
NGC2976,143.9173791,40.9041679,6,4,Appleton1981MNRAS.195..327A,27.82,0.05,Tully2009AJ....138..323T
NGC 3077,141.8972594,41.6621797,19,3,Appleton1981MNRAS.195..327A,27.93,0.07,Tully2009AJ....138..323T
KKSG 17,247.5238866,35.7656189,446,3,Makarov2014A&A...570A..13M,29.99,,Anand2021AJ....162...80A
KKSG 18,248.1203627,36.6862046,715,5,Makarov2014A&A...570A..13M,29.93,,
MCG -01-26-009,245.9120466,36.8999295,747,6,Makarov2014A&A...570A..13M,29.93,,
NGC 3351,233.9516692,56.3678649,777,1,Haynes2011AJ....142..170H,29.99,0.03,Tully2009AJ....138..323T
NGC 3377,231.1772036,58.317717,678,6,Smith2000MNRAS.313..469S,30.09,0.02,Tully2009AJ....138..323T
dw1044p1356,230.5563265,57.6356289,633,31,Karachentsev2013AJ....145..101K,30.23,0.19,Carlsten2022ApJ...933...47C
dw1048p1407,231.2186605,58.6373115,541.4,22.5,Karachentsev2013AJ....145..101K,30.51,0.39,Carlsten2022ApJ...933...47C
dw1051p1406,231.8427053,59.1870578,832,53,Karachentsev2013AJ....145..101K,30.27,,
dw1052p1102,237.0243596,57.7261339,827,8,Makarov2014A&A...570A..13M,30.27,,
FS04,232.5299715,56.2887264,772,1,Makarov2014A&A...570A..13M,30.27,,
KK94,232.6181112,57.6654814,832,4,Makarov2014A&A...570A..13M,30.04,0.07,Cohen2018ApJ...868...96C
LeG05,231.5572553,55.9598734,780,3,Stierwalt2009AJ....138..338S,30.27,,
LeG13,233.8586115,56.6875592,871,3,Stierwalt2009AJ....138..338S,30,0.13,Carlsten2022ApJ...933...47C
LeG14,232.5139429,57.4960987,886,60,Makarov2014A&A...570A..13M,30,0.09,Cohen2018ApJ...868...96C
LeG17,233.6260342,57.2632458,1030,2,Stierwalt2009AJ....138..338S,29.64,0.2,Carlsten2022ApJ...933...47C
LeG21,232.6937362,57.6579785,843,1,Stierwalt2009AJ....138..338S,30.31,0.2,Carlsten2022ApJ...933...47C
LSBC D640-11,233.0312527,58.688191,701,17,Karachentsev2013AJ....145..101K,30.19,0.37,Carlsten2022ApJ...933...47C
NGC 3384,233.5221946,57.7518929,563,6,Makarov2014A&A...570A..13M,30.09,0.02,Tully2009AJ....138..323T
NGC 3412,232.8696671,58.6998216,845.8,1.4,Smith2000MNRAS.313..469S,30.27,0.14,Tonry2001ApJ...546..681T
dw1110+0037,256.3110298,54.08685,863.7,29.4,Karachentsev2013AJ....145..101K,30.29,0.19,Carlsten2022ApJ...933...47C
KKSG 20,255.0766326,52.7139798,835,13,Roberts2004MNRAS.352..478R,30.04,0.17,Carlsten2022ApJ...933...47C
NGC 3593,240.4277402,63.2112744,630,2,Makarov2014A&A...570A..13M,30.17,,Karachentsev2013AJ....145..101K
NGC 3623,241.3318771,64.2215045,803,2,Haynes2018ApJ...861...49H,30.43,0.2,Tully2013AJ....146...86T
dw1114p1238,240.7754452,63.1379313,630,2,Haynes2011AJ....142..170H,30.23,,
dw1119p1157,243.4928649,63.5875364,861,1,Haynes2018ApJ...861...49H,30.34,,Karachentsev2013AJ....145..101K
dw1119p1404,239.6159369,64.8799304,486,132,Karachentsev2013AJ....145..101K,29.88,0.27,Carlsten2022ApJ...933...47C
dw1119p1417,239.1676317,64.9833081,790,3,Makarov2014A&A...570A..13M,30.23,,
dw1119p1419,239.0786331,64.9938805,998,1,Haynes2018ApJ...861...49H,30.34,,Karachentsev2013AJ....145..101K
dw1120p1337,241.0662751,64.9357758,815,4,Jennings2015ApJ...812L..10J,30.23,,
dw1122p1258,242.7226298,64.8283152,564,8,Makarov2014A&A...570A..13M,30.33,0.2,Carlsten2022ApJ...933...47C
dw1123p1342,241.6166936,65.4304988,878,2,Haynes2018ApJ...861...49H,30.23,,
dw1124p1240,244.0655823,65.0575344,1004,2.5,Haynes2018ApJ...861...49H,30.23,,
NGC 3628,240.8507616,64.7812122,845,1,Makarov2014A&A...570A..13M,30.21,0.34,Makarov2014A&A...570A..13M
NGC 3738,144.5565747,59.315506,225,8.2,Stil2002A&A...389...29S,28.62,0.02,Tully2009AJ....138..323T
NGC 3741,157.5691371,66.4449401,228.8,2,Begum2008MNRAS.386.1667B,27.54,0.11,Tully2009AJ....138..323T
NGC 4068,138.9065366,63.044758,210,2.1,Springob2005ApJS..160..149S,28.21,0.02,Tully2009AJ....138..323T
NGC 4236,127.4135292,47.3594622,-8,,Kourkchi2020ApJ...902..145K,28.22,0.04,Tully2009AJ....138..323T
NGC 4242,140.7699101,70.3154314,516,2,Makarov2014A&A...570A..13M,29.41,,Anand2021AJ....162...80A
NGC 4244,154.5637036,77.1572508,247.5,17,Kovac2009MNRAS.400..743K,28.17,0.07,Tully2009AJ....138..323T
NGC 4248,138.7106282,68.6762706,483,6,Makarov2014A&A...570A..13M,29.21,0.14,Tully2009AJ....138..323T
LV J1218+4655,139.0469291,69.1571627,396,1,Karachentsev2024A&A...684L..24K,29.59,0.09,Karachentsev2018ApJ...858...62K
NGC 4395,162.0818886,81.5356376,313,17,Kovac2009MNRAS.400..743K,28.39,0.01,Tully2009AJ....138..323T
NGC 4424,283.8806485,71.3899193,441,3,Makarov2014A&A...570A..13M,28.09,0.09,Makarov2014A&A...570A..13M
NGC 4449,136.8514263,72.3999642,201,,Karachentsev2013AJ....145..101K,28.15,0.01,Tully2009AJ....138..323T
NGC 4517,292.7363185,62.6163918,1127,2,Makarov2014A&A...570A..13M,29.61,0.12,Tully2009AJ....138..323T
dw1231p0140,291.2169193,64.0833539,1104,3,Makarov2014A&A...570A..13M,29.87,,Anand2021AJ....162...80A
dw1232p0015,292.6013613,62.7557801,1192,,Kim2014ApJS..215...22K,29.9,0.18,Carlsten2022ApJ...933...47C
NGC 4562,231.8511036,86.2287494,1353,2,Makarov2014A&A...570A..13M,30.22,0.31,Makarov2014A&A...570A..13M
NGC 4592,296.4221141,62.1863324,1069,2,Koribalski2004AJ....128...16K,29.79,0.07,Kim2020ApJ...905..104K
NGC 4594-DW1,298.1857558,51.0405528,1367,12,Crosby2025MNRAS.536.2072C,29.86,0.15,Carlsten2022ApJ...933...47C
dw1239-1240,298.3907102,50.0914562,1040,13,Crosby2025MNRAS.536.2072C,29.9,,
dw1240-1118,298.4906398,51.4605495,1593,9,Crosby2025MNRAS.536.2072C,29.72,0.15,Carlsten2022ApJ...933...47C
dw1240-1140,298.5846948,51.0982141,1293,9,Dowell2014AJ....147..150D,29.9,,
KKSG 29,297.2276959,52.2168718,756,2,Huchtmeier2009A&A...506..677H,29.96,0.07,Karachentsev2018ApJ...858...62K
KKSG 31,297.7572212,52.2520487,1309,22,Crosby2025MNRAS.536.2072C,29.9,,
LV J1235-1104,296.689181,51.6131363,1110,10,Karachentsev2013AJ....145..101K,29.9,,
SUCD1,298.4894114,51.1057276,1293.1,9.5,Hau2009MNRAS.394L..97H,29.9,,
Dw1245+6158,124.0875383,55.1467487,68,40,Karachentsev2025MNRAS.537L..21K,27.16,,Karachentsev2025MNRAS.537L..21K
NGC 4627,142.9602648,84.1829714,542,16,Simien2002A&A...384..371S,29.2,,Tully2009AJ....138..323T
BTS151,140.4586532,84.3703164,734.8,55.2,Karachentsev2013AJ....145..101K,29.5,,Anand2021AJ....162...80A
dw1236+3336,147.9496558,82.790936,525.8,17,Kovac2009MNRAS.400..743K,29.36,,Karachentsev2013AJ....145..101K
LV J1241+3251,142.3735528,83.9020187,693.1,17,Kovac2009MNRAS.400..743K,28.97,0.15,Carlsten2022ApJ...933...47C
NGC4765,304.0973877,67.3307255,722,1,Haynes2011AJ....142..170H,28.76,,Karachentsev2013AJ....145..101K
NGC 5011C,307.129918,19.4288362,647,96,Saviane2007AJ....133.1756S,27.86,0.02,Tully2009AJ....138..323T
NGC 5023,110.3859363,72.5803871,407,4.1,Springob2005ApJS..160..149S,28.91,0.05,Tully2009AJ....138..323T
NGC 5068,311.4892632,41.3754663,671,2,Makarov2014A&A...570A..13M,28.56,0.09,Karachentsev2018ApJ...858...62K
NGC 5102,309.7322802,25.8386314,464,18,Doyle2005MNRAS.361...34D,27.82,0.22,Tully2009AJ....138..323T
NGC 5194,104.8513983,68.5607714,446,7,Appleton1986MNRAS.221..393A,29.4,0.09,Csornyei2023A&A...678A..44C
NGC 5195,104.8900219,68.48724,455,10.9,Springob2005ApJS..160..149S,29.42,0.27,Tonry2001ApJ...546..681T
NGC 5204,113.5007357,58.0061159,201,2.1,Springob2005ApJS..160..149S,28.31,0.23,Tully2009AJ....138..323T
NGC 5206,310.1842261,14.1241847,583,6,Peterson1993AJ....105.1411P,27.51,0.01,Tully2009AJ....138..323T
NGC 5237,311.8775306,19.220151,361,4,Koribalski2004AJ....128...16K,27.53,0.01,Tully2009AJ....138..323T
NGC 5238,107.4046325,64.1900248,229,,Thuan1981ApJ...247..823T,28.27,0.02,Tully2009AJ....138..323T
NGC 5253,314.859593,30.1061332,407,3,Koribalski2004AJ....128...16K,27.68,0.02,Tully2009AJ....138..323T
NGC 5264,315.7172215,31.7090357,478,3,Koribalski2004AJ....128...16K,28.4,0.07,Tully2009AJ....138..323T
NGC 5408,317.1568128,19.5002779,506,3,Makarov2014A&A...570A..13M,28.63,0.07,Tully2009AJ....138..323T
NGC 5474,100.8319374,60.194845,275,2,Davies1980MNRAS.191..253D,29.17,0.13,Tikhonov2015AstL...41..239T
NGC 5477,101.598543,59.4906278,312,2,Davies1980MNRAS.191..253D,29.15,0.13,Tikhonov2015AstL...41..239T
NGC 5585,100.9974529,56.4737506,303,4.1,Springob2005ApJS..160..149S,29.23,,Anand2021AJ....162...80A
NGC 6503,100.5729049,30.6391903,25,1,Epinat2008MNRAS.388..500E,28.98,0.06,Tully2009AJ....138..323T
NGC 6789,94.9736325,21.517023,-141,9,Karachentsev1998A&A...331..891K,27.75,0.04,Tully2009AJ....138..323T
NGC 7793,4.5223894,-77.1703908,227,2,Koribalski2004AJ....128...16K,27.8,0.08,Tully2009AJ....138..323T
PGC1242,62.5627469,-81.4384373,670,2,Makarov2014A&A...570A..13M,29.11,,
PGC 20125,268.953031,-21.150137,564,1,Kirby2012MNRAS.420.2924K,28.62,0.11,Tully2009AJ....138..323T
PGC 34671,146.6556106,56.9824814,605.1,7,,29.98,,
PGC 42730,299.6259282,50.4255551,1154,4,Crosby2025MNRAS.536.2072C,29.9,,
PGC 51659,319.8257416,13.3764371,391.5,1.7,Begum2008MNRAS.386.1667B,27.79,0.23,Tully2009AJ....138..323T
PGC 138836,200.0089735,-8.3885381,428,4,Makarov2014A&A...570A..13M,28.7,0.7,Karachentsev1996A&A...315..348K
PGC 166069,138.4111889,-0.2233861,59.2,0.6,Huchtmeier2003A&A...401..483H,28.69,,Karachentsev2013AJ....145..101K
PGC 170257,314.6400484,40.8290947,650,29,daCosta1998AJ....116....1D,28.45,,
PGC 39646,281.325525,67.8056131,669,9,Haynes2011AJ....142..170H,28.56,,Karachentsev2013AJ....145..101K
PGC 704814,9.1114024,-77.7167363,299,89,Karachentsev2013AJ....145..101K,27.82,0.1,Karachentsev2021AJ....161..205K
PGC 725719,311.0562574,32.6348215,648,90,Kaldare2003MNRAS.339..652K,28.45,,
PGC 1059300,307.0150679,58.4432513,539.6,89,Karachentsev2013AJ....145..101K,27.81,,Karachentsev2013AJ....145..101K
PGC 2601822,96.7116951,10.7768577,26,4,Makarov2014A&A...570A..13M,29.44,,
PGC 3272767,303.7869081,57.5650785,660,123,Karachentsev2013AJ....145..101K,28.53,,Karachentsev2013AJ....145..101K
PGC 4560429,190.7049903,79.5787888,494.1,18,SDSS2015ApJS..219...12A,28.69,,Karachentsev2013AJ....145..101K
PGC 4561602,204.0817282,77.4751503,502.5,13.7,SDSS2015ApJS..219...12A,28.67,,Karachentsev2013AJ....145..101K
Pisces A,108.5231901,-51.0298813,235.7,0.6,Beale2020ApJ...903...59B,28.76,0.06,Tollerud2016ApJ...827...89T
Pisces B,133.8284051,-51.1618168,607,35,Tollerud2015ApJ...798L..21T,29.75,0.2,Tollerud2016ApJ...827...89T
SBS 1224+533,131.2430635,63.6248384,291,1,Karachentsev2024A&A...684L..24K,28.93,,Anand2021AJ....162...80A
UGC 64,114.0864771,-21.2443395,305,17,Braun2003A&A...406..829B,29.56,,Anand2021AJ....162...80A
UGC 288,118.632636,-19.2532517,187,0.5,Huchtmeier2003A&A...401..483H,29.17,0.05,Tully2009AJ....138..323T
UGC 685,128.4306828,-46.0176683,156.3,1.7,Begum2008MNRAS.386.1667B,28.41,0.02,Tully2009AJ....138..323T
UGC 1104,136.4799409,-43.4676726,688,16.7,Springob2005ApJS..160..149S,29.39,,Sharina1996A&AS..119..499S
UGC 1171,139.5867212,-45.4043275,738,2,Makarov2014A&A...570A..13M,30.03,0.22,Carlsten2022ApJ...933...47C
UGC 1176,139.724969,-45.3717399,631,1,Haynes2011AJ....142..170H,29.78,0.2,Sharina1996A&AS..119..499S
UGC 1281,136.872066,-28.701634,143,4,Makarov2014A&A...570A..13M,28.61,0.01,Tully2009AJ....138..323T
UGC 1703,142.0992278,-27.0061511,40,20,Karachentsev2015Ap.....58..309K,28.17,0.03,Tully2009AJ....138..323T
UGC 1807,139.9881884,-17.1155061,628,6,Schneider1992ApJS...81....5S,29.99,,
UGC 2157,145.2550093,-19.5391409,489,4,Makarov2014A&A...570A..13M,30.083,,
UGC 2165,145.3292464,-19.3045969,740,43,Makarov2014A&A...570A..13M,30.16,0.17,Carlsten2022ApJ...933...47C
UGC 2684,166.3226257,-32.7475095,350,4.1,Springob2005ApJS..160..149S,29.25,,Anand2021AJ....162...80A
UGC 2716,166.7766768,-31.8244236,381,0.5,Huchtmeier2003A&A...401..483H,29.12,,Anand2021AJ....162...80A
UGC 2773,148.8103043,-6.8402273,220,6,Makarov2014A&A...570A..13M,28.22,0.5,Nasonova2011A&A...532A.104N
UGC 2905,174.3078153,-27.3115435,293,3,Makarov2014A&A...570A..13M,28.83,0.4,Georgiev1997AstL...23..514G
UGC 3600,177.372718,17.4750909,412,,Karachentsev2013AJ....145..101K,30.04,0.23,Tully2009AJ....138..323T
UGC 3698,172.9705714,21.6221344,421.4,0.3,Huchtmeier2003A&A...401..483H,30.26,0.43,Tully2009AJ....138..323T
UGC 4483,144.9676566,34.3804766,155.7,0.2,Huchtmeier2003A&A...401..483H,27.77,0.09,Tully2009AJ....138..323T
UGC 5086,208.8229093,44.6728043,491,4,Springob2005ApJS..160..149S,29.65,,Tully2009AJ....138..323T
UGC 5812,232.0777755,56.1356801,1009,2,Makarov2014A&A...570A..13M,30.27,,
UGC 5944,232.9641994,58.5086807,1073,27,Karachentsev2013AJ....145..101K,30.27,0.37,Carlsten2022ApJ...933...47C
UGC 6456,127.8368247,37.330059,-93.7,1.7,Begum2008MNRAS.386.1667B,28.33,0.04,Tully2009AJ....138..323T
UGC 6541,151.9023961,63.2747983,249.4,1.7,Begum2008MNRAS.386.1667B,28.13,0.12,Tully2009AJ....138..323T
UGC 6757,136.0612161,54.1196813,82,4,Aihara2011ApJS..193...29A,28.32,0.14,Tully2009AJ....138..323T
UGC 7242,128.8729125,50.6034208,66,1.7,Begum2008MNRAS.386.1667B,28.68,0.03,Tully2009AJ....138..323T
UGC 7298,135.2078247,64.0596039,174,1.7,Begum2008MNRAS.386.1667B,28.11,0.13,Tully2009AJ....138..323T
UGC 7356,138.4427519,69.0542855,269,17,Makarov2014A&A...570A..13M,29.31,0.02,Tully2009AJ....138..323T
UGC 7490,126.2362482,46.6202155,466,2,Makarov2014A&A...570A..13M,30.22,0.4,Makarov2014A&A...570A..13M
UGC 7596,285.5599449,70.7360566,565,6,Haynes2011AJ....142..170H,28.31,,Karachentsev2013AJ....145..101K
UGC 7605,150.9930477,80.1349473,310,1.7,Begum2008MNRAS.386.1667B,28.38,0.14,Tully2009AJ....138..323T
UGC 7636,287.1411919,70.1417007,469,16,Schneider1990ApJS...72..245S,28.58,,Karachentsev2013AJ....145..101K
UGC 7929,288.9319659,84.1324436,387,,Kim2014ApJS..215...22K,28.22,,
UGC 8215,114.5849342,70.0298813,224.2,1.7,Begum2008MNRAS.386.1667B,28.3,0.06,Tully2009AJ....138..323T
UGC 8245,121.8876426,38.1565523,-26,3,BraltsKelly2017ApJ...848L..10B,28.37,0.02,Tully2009AJ....138..323T
UGC 8313,107.4578601,74.2380736,596,8,Makarov2014A&A...570A..13M,29.71,0.13,Carlsten2022ApJ...933...47C
UGC 8638,23.2762918,78.9867187,276,1.7,Begum2008MNRAS.386.1667B,28.16,0.03,Tully2009AJ....138..323T
UGC 8833,69.7146743,73.958009,221,1.7,Begum2008MNRAS.386.1667B,27.69,0.05,Newman2024ApJ...966..175N
UGC 8882,103.2604319,60.4420947,348.3,24.3,AdelmanMcCarthy2007ApJS..172..634A,29.21,0.14,Carlsten2022ApJ...933...47C
UGC 9405,98.7090358,54.7072212,218,22,Richter1991A&AS...87..425R,28.82,0.02,Tully2009AJ....138..323T
UGC 11411,101.3258144,23.9947142,88,3,BraltsKelly2017ApJ...848L..10B,29.09,0.04,Tully2009AJ....138..323T
UGC 12894,112.3102038,-22.3207032,335,22,Schneider1992ApJS...81....5S,29.78,,Anand2021AJ....162...80A
UGCA 92,144.7029826,10.5105612,-94.6,1.7,Begum2008MNRAS.386.1667B,27.54,0.07,Tully2009AJ....138..323T
UGCA 105,148.5216222,13.6581234,111,5,Schmidt2014A&A...561A..28S,27.65,0.21,Tully2009AJ....138..323T
UGCA 281,134.1457901,68.0827249,280,3,Makarov2014A&A...570A..13M,28.78,0.05,Tully2009AJ....138..323T
UGCA 287,295.9370393,51.9536224,1001,1,Crosby2025MNRAS.536.2072C,29.9,,
UGCA 292,148.2806751,83.7224116,308.3,0.1,Huchtmeier2003A&A...401..483H,27.93,0.18,Tully2009AJ....138..323T
UGCA 319,306.6166588,45.5569501,755,4,Koribalski2004AJ....128...16K,28.8,0.07,Karachentsev2018ApJ...858...62K
UGCA 337,107.5610974,74.6924841,460,5,Huchtmeier2009A&A...506..677H,29.4,0.19,Carlsten2022ApJ...933...47C
UGCA 365,314.6112418,32.6110421,577,1.7,Begum2008MNRAS.386.1667B,28.67,0.03,Tully2009AJ....138..323T
UGCA 442,10.6984669,-74.5315927,267,2,Koribalski2004AJ....128...16K,28.2,0.07,Tully2009AJ....138..323T